{
  "project_name": "Task Management System API",
  "description": "A comprehensive task management system for teams to collaborate on projects",
  "entities": [
    {
      "name": "Project",
      "fields": [
        {"name": "id", "type": "Long", "primary": true},
        {"name": "name", "type": "String", "required": true, "max": 100},
        {"name": "description", "type": "String", "max": 500},
        {"name": "startDate", "type": "LocalDate"},
        {"name": "endDate", "type": "LocalDate"},
        {"name": "status", "type": "Enum", "values": ["PLANNING", "IN_PROGRESS", "COMPLETED", "ON_HOLD"]},
        {"name": "priority", "type": "Enum", "values": ["LOW", "MEDIUM", "HIGH", "CRITICAL"]}
      ]
    },
    {
      "name": "Task",
      "fields": [
        {"name": "id", "type": "Long", "primary": true},
        {"name": "title", "type": "String", "required": true, "max": 200},
        {"name": "description", "type": "String"},
        {"name": "projectId", "type": "Long", "foreign_key": "Project"},
        {"name": "assigneeId", "type": "Long", "foreign_key": "User"},
        {"name": "status", "type": "Enum", "values": ["TODO", "IN_PROGRESS", "REVIEW", "DONE"]},
        {"name": "priority", "type": "Enum", "values": ["LOW", "MEDIUM", "HIGH"]},
        {"name": "dueDate", "type": "LocalDateTime"},
        {"name": "estimatedHours", "type": "Integer"},
        {"name": "actualHours", "type": "Integer"}
      ]
    },
    {
      "name": "User",
      "fields": [
        {"name": "id", "type": "Long", "primary": true},
        {"name": "username", "type": "String", "required": true, "unique": true},
        {"name": "email", "type": "String", "required": true, "unique": true},
        {"name": "fullName", "type": "String", "required": true},
        {"name": "role", "type": "Enum", "values": ["ADMIN", "PROJECT_MANAGER", "DEVELOPER", "VIEWER"]},
        {"name": "department", "type": "String"},
        {"name": "active", "type": "Boolean", "default": true}
      ]
    },
    {
      "name": "Comment",
      "fields": [
        {"name": "id", "type": "Long", "primary": true},
        {"name": "taskId", "type": "Long", "foreign_key": "Task"},
        {"name": "userId", "type": "Long", "foreign_key": "User"},
        {"name": "content", "type": "String", "required": true},
        {"name": "createdAt", "type": "LocalDateTime"}
      ]
    }
  ],
  "endpoints": [
    {
      "method": "GET",
      "path": "/api/v1/projects",
      "description": "Get all projects with pagination and filtering"
    },
    {
      "method": "POST",
      "path": "/api/v1/projects",
      "description": "Create a new project"
    },
    {
      "method": "GET",
      "path": "/api/v1/projects/{id}/tasks",
      "description": "Get all tasks for a project"
    },
    {
      "method": "POST",
      "path": "/api/v1/tasks",
      "description": "Create a new task"
    },
    {
      "method": "PUT",
      "path": "/api/v1/tasks/{id}",
      "description": "Update task details"
    },
    {
      "method": "PATCH",
      "path": "/api/v1/tasks/{id}/status",
      "description": "Update task status"
    },
    {
      "method": "POST",
      "path": "/api/v1/tasks/{id}/comments",
      "description": "Add comment to task"
    },
    {
      "method": "GET",
      "path": "/api/v1/users/{id}/tasks",
      "description": "Get tasks assigned to a user"
    },
    {
      "method": "GET",
      "path": "/api/v1/dashboard/stats",
      "description": "Get dashboard statistics"
    }
  ],
  "business_rules": [
    "Tasks cannot be assigned to inactive users",
    "Project end date must be after start date",
    "Only PROJECT_MANAGER and ADMIN can create projects",
    "Task status can only move forward unless user is ADMIN",
    "Comments cannot be deleted, only edited by owner within 1 hour"
  ],
  "security": {
    "authentication": "JWT",
    "authorization": "Role-based",
    "api_key": false,
    "rate_limiting": "100 requests per minute per user"
  }
}